{"version":"6","id":"cluaaz7z90003yyqu35cdfcps","name":"Tema Instagram","events":[{"id":"y3gpb1w4v8jf0ycp1uibryxx","outgoingEdgeId":"mvfhpxeub8uhgsfqn7oi379h","graphCoordinates":{"x":0,"y":0},"type":"start"}],"groups":[{"id":"stgw2eii5aywdtkr2v45pkyd","title":"Javascript","graphCoordinates":{"x":34.64,"y":803.79},"blocks":[{"id":"u2o0b2brulfqr8blhtpxnd2n","outgoingEdgeId":"sv3q0r8mesec9mg0j60myrzx","type":"Code","options":{"name":"Script","content":"var script = document.createElement('script');\nscript.src = \"https://cdn.jsdelivr.net/gh/igorlemoes/template_typebot_instagram@0.0.2/script.js\";\ndocument.getElementsByTagName('head')[0].appendChild(script);\nscript.onload = function() {\n  criarBarra(\n    {{var_nome}},\n    {{var_avatar}},\n    {{var_insta_nome}},\n    {{var_insta_url}},\n    {{var_seguidores}},\n    {{var_publi}}\n  );\n};"}}]},{"id":"lfu5kv6x8bfj5bzwrqc13tqd","title":"Imagem Perfil","graphCoordinates":{"x":-0.36,"y":-441.96},"blocks":[{"id":"qq1v9ajed7zj9l8nab07vemf","type":"image","content":{"url":"https://storage2.viazapi.com.br/typebot/public/workspaces/cln9siekx0001n735oskusd17/typebots/clnf6b4ug0001n936au17ar85/blocks/qq1v9ajed7zj9l8nab07vemf?v=1696688687056"}}]},{"id":"lp1ttgdl5il6i6834nzohk6b","title":"Configurações","graphCoordinates":{"x":1.1,"y":178},"blocks":[{"id":"tu0xrgamj2wqg5nem8lrn3ys","type":"Set variable","options":{"variableId":"vgebd0fejpr0oq5iku27vbcgc","expressionToEvaluate":"Igor Lemões"}},{"id":"n3x2dasjakdobdkuce7iba0k","type":"Set variable","options":{"variableId":"vq0v2rkn79apfbf8dj3w3cwvo","expressionToEvaluate":"https://storage2.viazapi.com.br/typebot/public/workspaces/cln9siekx0001n735oskusd17/typebots/clnf6b4ug0001n936au17ar85/blocks/qq1v9ajed7zj9l8nab07vemf?v=1696688687056"}},{"id":"eteqyhwid8fv23zice396w2i","type":"Set variable","options":{"variableId":"vcij640iestnlm2iifn497dlo","expressionToEvaluate":"igorlemoes"}},{"id":"fe52lmt0blil00uppft76mc2","type":"Set variable","options":{"variableId":"vymg43ctf5p0f9rybwrp18dtn","expressionToEvaluate":"https://instagram.com/igorlemoes"}},{"id":"evttwuzvq63j41z8dyfhd0iy","type":"Set variable","options":{"variableId":"vctehvhc7zg25w2uyygjzcsel","expressionToEvaluate":"1,3 mil"}},{"id":"aouybp4gmvdkm1xx07nw2ssh","outgoingEdgeId":"vogpuh7l7bxz03kt8ecmq9s7","type":"Set variable","options":{"variableId":"vzk1dek6qbytzogabbpa2hu2m","expressionToEvaluate":"203"}}]},{"id":"pxshyvgw18braqyv3bw49tkr","title":"Mensagem","graphCoordinates":{"x":720.04,"y":23.3},"blocks":[{"id":"xhj8xze0et62bhljn9ni0771","type":"text","content":{"richText":[{"type":"p","children":[{"text":"Exemplo de conversa"}]}]}},{"id":"et13t1qn16oyl6oz11pm1v2j","outgoingEdgeId":"qrug0gcxpz6v8jfmnh47ldhj","type":"text","content":{"richText":[{"type":"p","children":[{"text":"Um áudio para teste"}]}]}}]},{"id":"tu6r8nt8s1wo8z2wb4zgn7ti","title":"Áudio Exemplo","graphCoordinates":{"x":720,"y":322},"blocks":[{"id":"cjc98wrxg97cjnzbpa3qyio6","type":"audio","content":{"url":"https://storage2.viazapi.com.br/typebot/public/workspaces/cln9siekx0001n735oskusd17/typebots/clnf6b4ug0001n936au17ar85/blocks/cjc98wrxg97cjnzbpa3qyio6?v=1696941248765"}},{"id":"vz06j3jz8xgqmhjhh9iilp6h","outgoingEdgeId":"c15i70cms3ce8mi1sgrv4hd1","type":"Wait","options":{"secondsToWaitFor":"15"}}]},{"id":"fu7q4iksiwpkcdfshsn5te1w","title":"Imagem Exemplo","graphCoordinates":{"x":711,"y":605},"blocks":[{"id":"s4igwxyvimu7xwmy7ch98err","type":"text","content":{"richText":[{"type":"p","children":[{"text":"Gostaria de aprender mais sobre Typebot e API's gratuitas para WhatsApp ?"}]}]}},{"id":"ciqm27vq4vmcq6j0z394a962","type":"choice input","items":[{"id":"rpl385jif760atoopo5r5tbp","outgoingEdgeId":"aoqmsy8wdy0c6acg2dknsmtw","content":"Sim"}],"options":{"isMultipleChoice":false,"buttonLabel":"Send","isSearchable":false,"searchInputPlaceholder":"Filter the options..."}}]},{"id":"s55zoc0af1j628gnvc5xn2ex","title":"Site","graphCoordinates":{"x":1123,"y":664},"blocks":[{"id":"q8ekjonhezu4wrahu9nyz7lc","type":"Redirect","options":{"url":"https://igorlemoes.com.br","isNewTab":true}}]}],"edges":[{"id":"mvfhpxeub8uhgsfqn7oi379h","from":{"eventId":"y3gpb1w4v8jf0ycp1uibryxx"},"to":{"groupId":"lp1ttgdl5il6i6834nzohk6b"}},{"id":"vogpuh7l7bxz03kt8ecmq9s7","from":{"blockId":"aouybp4gmvdkm1xx07nw2ssh"},"to":{"groupId":"stgw2eii5aywdtkr2v45pkyd"}},{"id":"sv3q0r8mesec9mg0j60myrzx","from":{"blockId":"u2o0b2brulfqr8blhtpxnd2n"},"to":{"groupId":"pxshyvgw18braqyv3bw49tkr"}},{"id":"qrug0gcxpz6v8jfmnh47ldhj","from":{"blockId":"et13t1qn16oyl6oz11pm1v2j"},"to":{"groupId":"tu6r8nt8s1wo8z2wb4zgn7ti"}},{"id":"c15i70cms3ce8mi1sgrv4hd1","from":{"blockId":"vz06j3jz8xgqmhjhh9iilp6h"},"to":{"groupId":"fu7q4iksiwpkcdfshsn5te1w"}},{"id":"aoqmsy8wdy0c6acg2dknsmtw","from":{"blockId":"ciqm27vq4vmcq6j0z394a962","itemId":"rpl385jif760atoopo5r5tbp"},"to":{"groupId":"s55zoc0af1j628gnvc5xn2ex"}}],"variables":[{"id":"vq0v2rkn79apfbf8dj3w3cwvo","name":"var_avatar"},{"id":"vgebd0fejpr0oq5iku27vbcgc","name":"var_nome"},{"id":"vcij640iestnlm2iifn497dlo","name":"var_insta_nome"},{"id":"vymg43ctf5p0f9rybwrp18dtn","name":"var_insta_url"},{"id":"vctehvhc7zg25w2uyygjzcsel","name":"var_seguidores"},{"id":"vzk1dek6qbytzogabbpa2hu2m","name":"var_publi"}],"theme":{"general":{"font":"Open Sans","background":{"type":"Color","content":"#000000"}},"chat":{"hostAvatar":{"isEnabled":true,"url":"{{var_avatar}}"},"hostBubbles":{"backgroundColor":"#262626","color":"#FFFFFF"},"guestBubbles":{"backgroundColor":"#1084f1","color":"#FFFFFF"},"buttons":{"backgroundColor":"#1084f1","color":"#FFFFFF"},"inputs":{"backgroundColor":"#FFFFFF","color":"#000000","placeholderColor":"#28292a"},"roundness":"large"},"customCss":""},"selectedThemeTemplateId":"clmr050i8002xtm2tqgx2immr","settings":{"general":{"isBrandingEnabled":false,"isInputPrefillEnabled":true,"isHideQueryParamsEnabled":true,"rememberUser":{"isEnabled":false}},"typingEmulation":{"enabled":true,"speed":300,"maxDelay":1.5},"metadata":{"title":"Instagram","description":"Template Instagram","imageUrl":"https://igorlemoes.com.br/files/instagram/icon.png","favIconUrl":"https://igorlemoes.com.br/files/instagram/icon.png","customHeadCode":""}},"createdAt":"2024-03-27T21:13:37.317Z","updatedAt":"2024-03-27T21:50:24.946Z","icon":null,"folderId":null,"publicId":null,"customDomain":null,"workspaceId":"cltgdy24j00013inr372h75oa","resultsTablePreferences":null,"isArchived":false,"isClosed":false,"whatsAppCredentialsId":null,"riskLevel":null}